745,"(940, False)","(4004, False)","(4524, False)","(3488, False)","(226, False)","(3183, False)","(2302, False)","(4539, False)","(1100, False)","(229, False)"
1411,"(4673, False)","(3791, False)","(3612, False)","(3833, False)"
650,"(3003, False)"
2969,"(240, False)","(4110, False)","(1054, False)","(3702, False)","(3473, False)","(485, False)","(3639, False)","(1251, False)","(3806, False)","(478, False)","(733, False)","(3346, False)","(3633, False)"
3479,"(2148, False)","(1310, False)","(3194, False)","(3191, False)","(425, False)"
1902,"(4236, False)","(3686, False)","(1955, False)","(3456, False)","(1419, False)","(107, False)","(3280, False)","(4549, False)","(835, False)","(1319, False)","(1574, False)","(1698, False)","(4793, False)","(706, False)","(3915, False)","(2413, False)","(3450, False)","(3715, False)","(3384, False)","(3727, False)","(1832, False)","(3772, False)","(1557, False)"
1929,"(2124, False)","(1145, False)","(340, False)","(3493, False)","(3100, False)","(3980, False)","(3417, False)","(3586, False)","(1083, False)","(2725, False)","(4809, False)","(3984, False)","(3830, False)","(4006, False)","(2991, False)","(140, False)","(2211, False)","(758, False)","(4461, False)"
4429,"(190, False)","(4027, False)","(3519, False)","(1955, False)","(1788, False)","(725, False)","(240, False)","(1904, False)","(4941, False)"
5,"(3381, False)","(4748, False)","(4051, False)","(438, False)","(2244, False)","(117, False)","(4406, False)","(2953, False)","(4340, False)","(152, False)","(3427, False)","(2216, False)","(4807, False)","(4375, False)","(704, False)","(43, False)","(4995, False)","(3902, False)","(1844, False)","(1039, False)","(433, False)","(940, False)","(796, False)","(2088, False)","(3343, False)","(94, False)","(3575, False)","(689, False)","(2321, False)"
3654,"(3577, False)","(3004, False)","(1659, False)","(266, False)","(2374, False)"
1424,"(2891, False)","(2109, False)","(3708, False)","(4162, False)","(3985, False)","(3811, False)","(3437, False)","(1378, False)","(3815, False)","(4309, False)","(4708, False)","(3746, False)","(3075, False)","(3824, False)","(3872, False)","(884, False)","(1404, False)"
184,"(3469, False)","(1959, False)","(1311, False)","(2426, False)","(4575, False)","(760, False)","(3200, False)"
1627,"(3479, False)","(989, False)","(2666, False)","(2799, False)","(2834, False)","(4125, False)","(746, False)","(2388, False)"
3840,"(2275, False)","(1913, False)","(2203, False)","(2003, False)","(3557, False)","(2886, False)","(3095, False)","(4518, False)","(4134, False)","(4399, False)","(1752, False)","(67, False)","(4320, False)","(1388, False)","(455, False)","(3123, False)"
1701,"(804, False)","(4611, False)","(2726, False)","(4590, False)","(2805, False)","(3725, False)","(838, False)","(4047, False)","(729, False)"
1252,"(4621, False)","(2483, False)","(2475, False)","(3006, False)","(175, False)","(1984, False)","(3032, False)"
1641,"(3270, False)","(1320, False)","(1022, False)","(1817, False)","(2545, False)","(2172, False)","(4652, False)","(2612, False)","(1103, False)","(2006, False)","(651, False)","(1158, False)","(4037, False)","(1812, False)","(2548, False)","(1910, False)","(2397, False)","(4059, False)","(3521, False)","(3092, False)","(2794, False)","(3346, False)"
2605,"(3462, False)","(3917, False)","(3773, False)","(1151, False)","(1877, False)","(3928, False)","(4306, False)","(226, False)","(4394, False)","(1773, False)","(438, False)","(107, False)","(2413, False)","(3450, False)","(551, False)","(4771, False)"
2316,"(290, False)","(2386, False)","(570, False)","(141, False)","(2610, False)","(2335, False)","(3195, False)","(4474, False)","(4398, False)","(3351, False)","(275, False)","(3285, False)","(2460, False)","(101, False)","(464, False)","(4079, False)","(4851, False)","(3057, False)","(3808, False)","(2319, False)","(4776, False)","(3356, False)"
1405,"(2010, False)","(1866, False)","(190, False)","(553, False)","(654, False)","(3633, False)","(2628, False)","(3566, False)","(1351, False)","(3758, False)","(4087, False)","(3779, False)","(3108, False)","(3880, False)","(35, False)"
1575,"(3590, False)","(1980, False)","(4397, False)","(453, False)","(1984, False)","(2887, False)","(323, False)","(3529, False)","(3201, False)","(4522, False)","(2034, False)","(51, False)","(116, False)"
3030,"(2671, False)","(1659, False)","(481, False)","(31, False)","(747, False)","(2424, False)","(841, False)"
3150,"(2587, False)","(4847, False)","(3018, False)","(2491, False)","(4993, False)","(363, False)","(4387, False)","(3696, False)"
17,"(4645, False)","(2058, False)","(526, False)","(4497, False)","(3154, False)","(2139, False)"
1529,"(850, False)","(2227, False)","(322, False)","(2923, False)","(137, False)","(4778, False)","(1218, False)","(2114, False)","(72, False)","(3415, False)","(4895, False)"
1486,"(3661, False)","(4854, False)","(3300, False)","(96, False)","(328, False)","(3216, False)","(3857, False)","(2158, False)","(3208, False)","(4971, False)"
3520,"(91, False)","(3958, False)","(4468, False)","(3738, False)","(191, False)","(3662, False)","(4941, False)","(775, False)","(3114, False)","(3633, False)","(240, False)","(2785, False)","(2346, False)","(1190, False)","(4431, False)","(3187, False)","(4103, False)","(432, False)","(2591, False)"
4981,"(3533, False)","(4527, False)","(4142, False)","(1223, False)","(3660, False)","(4628, False)","(4123, False)","(4112, False)","(4124, False)","(4667, False)","(4094, False)","(3521, False)"
561,"(1999, False)","(2493, False)","(4446, False)","(1956, False)","(2420, False)","(293, False)","(4834, False)","(1142, False)","(978, False)","(3843, False)","(3604, False)","(3460, False)","(1716, False)","(4870, False)","(1565, False)","(1453, False)","(1996, False)","(3471, False)","(2800, False)","(4642, False)","(3781, False)","(4026, False)","(3100, False)","(2681, False)","(3793, False)","(1316, False)","(2595, False)"
480,"(3997, False)","(2024, False)","(1461, False)","(2632, False)","(3358, False)","(1794, False)","(2036, False)","(3989, False)","(2323, False)","(2103, False)","(1069, False)","(4452, False)","(4815, False)","(836, False)","(3669, False)","(1964, False)","(2736, False)","(4566, False)","(3773, False)","(3488, False)","(1538, False)","(226, False)"
1750,"(1721, False)","(4865, False)","(4128, False)","(1337, False)","(3038, False)","(1117, False)","(3335, False)","(3423, False)","(3050, False)","(1386, False)","(4549, False)","(2877, False)","(1411, False)","(1136, False)","(1698, False)","(3915, False)","(1525, False)","(985, False)"
1410,"(1307, False)","(224, False)","(3201, False)","(148, False)","(4748, False)","(4858, False)","(428, False)","(3768, False)","(1520, False)","(1739, False)","(1716, False)","(2667, False)","(4397, False)","(2472, False)","(1470, False)","(4522, False)","(3223, False)","(4999, False)","(3886, False)","(699, False)"
3653,"(3064, False)","(2393, False)","(432, False)","(1348, False)","(610, False)","(3953, False)","(4977, False)","(1596, False)","(2103, False)","(4494, False)","(3888, False)"
2639,"(836, False)","(3702, False)","(803, False)","(3086, False)","(2094, False)","(2215, False)","(4125, False)","(256, False)","(2176, False)","(3753, False)","(775, False)","(3081, False)","(2485, False)","(2089, False)","(557, False)","(1430, False)","(3988, False)","(4187, False)","(1432, False)","(1785, False)"
2735,"(2381, False)","(3253, False)","(3638, False)","(3000, False)","(4413, False)","(4402, False)","(4114, False)","(325, False)","(2310, False)","(4832, False)","(4292, False)","(1330, False)","(2367, False)","(3489, False)","(2566, False)","(3953, False)","(2245, False)","(3426, False)","(3802, False)"
1643,"(1774, False)","(4236, False)","(345, False)","(2221, False)"
339,"(4286, False)","(3932, False)","(761, False)","(662, False)","(88, False)","(3068, False)","(2537, False)","(3290, False)","(3414, False)","(207, False)"
2841,"(2282, False)","(1729, False)","(207, False)","(4915, False)","(1136, False)","(2402, False)","(3163, False)","(4079, False)","(2371, False)","(532, False)","(2053, False)","(1669, False)","(2715, False)","(3423, False)","(956, False)","(1175, False)","(4911, False)","(1232, False)","(198, False)"
446,"(2054, False)","(3577, False)","(4074, False)","(3004, False)","(1659, False)","(2158, False)","(3108, False)","(266, False)"
2656,"(4946, False)","(3692, False)","(586, False)","(169, False)","(2272, False)","(2890, False)","(246, False)","(3642, False)","(3182, False)","(3931, False)","(1917, False)"
3931,"(2370, False)","(1725, False)","(3796, False)","(3069, False)","(2058, False)"
4557,"(3061, False)","(41, False)","(947, False)","(4310, False)","(4630, False)","(4795, False)","(3211, False)","(1040, False)","(4423, False)","(4799, False)","(2672, False)","(4360, False)","(933, False)","(1826, False)","(1021, False)","(3360, False)"
4254,"(3289, False)","(4283, False)","(1607, False)","(3824, False)","(1186, False)","(590, False)"
3741,"(1492, False)","(699, False)","(1438, False)","(2409, False)","(3809, False)","(3292, False)","(2883, False)","(427, False)","(1247, False)","(442, False)","(154, False)","(2647, False)","(3759, False)","(1930, False)","(2185, False)","(1248, False)","(3211, False)"
3440,"(2318, False)","(610, False)","(1359, False)","(94, False)","(4713, False)","(592, False)","(3669, False)"
3505,"(1215, False)","(4319, False)"
3155,"(4400, False)","(3317, False)","(4861, False)","(2638, False)","(368, False)","(1450, False)","(3943, False)","(657, False)","(1401, False)","(1973, False)","(2591, False)","(1786, False)"
3257,"(4268, False)","(1876, False)","(1964, False)","(4416, False)","(3577, False)","(4107, False)","(2928, False)","(582, False)","(4013, False)","(4991, False)","(2380, False)","(1635, False)","(2250, False)","(123, False)"
4891,"(2677, False)","(2228, False)","(733, False)","(710, False)","(356, False)","(315, False)","(3953, False)","(3140, False)","(4308, False)","(1409, False)","(1520, False)","(1389, False)"
3480,"(1716, False)","(1307, False)","(1950, False)","(1520, False)","(474, False)","(2472, False)","(224, False)","(2681, False)","(1071, False)","(4238, False)","(1470, False)","(699, False)"
2148,"(3343, False)","(4324, False)","(1573, False)"
436,"(2125, False)","(250, False)","(3901, False)","(1473, False)","(1288, False)","(3384, False)","(498, False)","(4236, False)","(2230, False)","(3211, False)","(2507, False)","(2388, False)","(2806, False)"
191,"(3606, False)","(344, False)","(2096, False)","(4503, False)","(1427, False)","(789, False)","(2837, False)","(831, False)","(965, False)","(3389, False)","(2632, False)","(4637, False)","(3174, False)","(350, False)","(4384, False)","(2941, False)","(2237, False)","(2282, False)","(4883, False)"
449,"(4130, False)","(3527, False)","(3241, False)","(4630, False)","(2163, False)","(1976, False)","(860, False)","(610, False)","(4691, False)","(1353, False)"
577,"(4953, False)","(2970, False)","(997, False)","(3048, False)","(3113, False)","(3070, False)","(2820, False)","(2797, False)","(4229, False)","(2655, False)","(3296, False)","(3628, False)","(4917, False)","(1190, False)","(4454, False)","(1214, False)"
3269,"(2701, False)","(4454, False)","(4310, False)","(131, False)","(2191, False)"
1351,"(2510, False)","(4995, False)"
1387,"(4944, False)","(3510, False)","(4206, False)","(2357, False)","(2005, False)","(3981, False)","(1635, False)","(931, False)"
2049,"(188, False)","(2903, False)","(1126, False)","(3046, False)","(1416, False)","(4789, False)","(2573, False)","(3612, False)","(3791, False)","(604, False)","(3833, False)","(4673, False)","(1015, False)","(1764, False)","(3573, False)","(4037, False)","(2538, False)","(1455, False)"
4805,"(2381, False)","(3958, False)","(254, False)","(4497, False)","(3528, False)","(4853, False)","(521, False)","(3366, False)","(4854, False)","(4062, False)","(1008, False)","(2035, False)","(4384, False)","(4671, False)","(661, False)","(2323, False)","(428, False)"
1941,"(2232, False)","(1823, False)","(1374, False)","(592, False)","(3914, False)","(532, False)","(4713, False)"
1422,"(1258, False)","(4833, False)","(1560, False)","(3765, False)","(4438, False)","(1879, False)","(1506, False)","(4924, False)","(2852, False)","(2203, False)","(1277, False)","(1764, False)","(2227, False)"
441,"(1687, False)","(3462, False)","(1877, False)","(3411, False)","(3917, False)","(1151, False)","(1406, False)","(3250, False)","(1541, False)","(3019, False)"
2008,"(43, False)","(4319, False)","(913, False)","(4400, False)","(804, False)","(1323, False)","(1401, False)","(2834, False)","(2726, False)","(200, False)","(4590, False)","(368, False)","(580, False)","(148, False)","(1747, False)","(4384, False)","(657, False)","(2839, False)","(2953, False)","(3725, False)","(4317, False)"
1767,"(4941, False)","(1250, False)","(2264, False)","(1416, False)","(3114, False)","(2309, False)","(2695, False)","(4468, False)","(1615, False)","(1991, False)","(3633, False)","(106, False)","(1251, False)","(1362, False)","(1892, False)","(481, False)","(4418, False)","(89, False)","(176, False)","(1092, False)","(1248, False)","(3253, False)"
4838,"(2005, False)","(4056, False)","(1157, False)","(4432, False)","(4775, False)","(2249, False)","(4388, False)","(4136, False)","(3576, False)","(4061, False)","(4041, False)","(1759, False)","(911, False)","(2357, False)","(2268, False)","(3184, False)"
1937,"(4449, False)","(3899, False)","(2034, False)","(1297, False)","(3966, False)","(98, False)","(2580, False)","(3430, False)","(4277, False)","(1087, False)","(534, False)","(887, False)","(3632, False)","(4813, False)","(4878, False)","(1616, False)"
2781,"(4725, False)","(3458, False)","(2882, False)","(4858, False)","(4802, False)","(1055, False)","(2311, False)","(1024, False)","(3373, False)","(4033, False)","(4664, False)","(2282, False)","(1699, False)","(1797, False)","(344, False)","(4829, False)","(1809, False)","(2231, False)","(4170, False)","(4117, False)","(4503, False)"
122,"(1790, False)","(4214, False)","(3431, False)"
4949,"(1384, False)","(137, False)","(1099, False)","(2573, False)"
262,"(489, False)","(3874, False)","(4813, False)","(3425, False)","(4308, False)","(626, False)","(3017, False)","(3946, False)","(1907, False)","(3749, False)","(2600, False)","(1127, False)","(3430, False)","(168, False)","(4696, False)","(1757, False)"
4792,"(497, False)","(3363, False)","(3196, False)","(4452, False)","(2, False)","(3241, False)","(1646, False)","(1105, False)","(532, False)","(4170, False)","(191, False)","(4107, False)","(1198, False)","(2817, False)","(3107, False)","(4781, False)","(2821, False)","(154, False)","(396, False)"
1080,"(3745, False)","(3182, False)","(727, False)","(3835, False)","(431, False)","(1190, False)","(3849, False)","(2625, False)","(3806, False)","(4421, False)","(3639, False)","(354, False)","(566, False)","(4799, False)","(2584, False)","(3267, False)","(620, False)","(2200, False)","(3158, False)","(1099, False)"
3348,"(1803, False)","(1560, False)","(3699, False)","(1232, False)","(3931, False)","(4739, False)","(4451, False)","(207, False)","(4794, False)","(3184, False)","(1321, False)","(539, False)","(4079, False)","(1225, False)","(1216, False)"
3758,"(1638, False)","(586, False)","(4227, False)"
4596,"(2657, False)","(2987, False)","(1488, False)","(840, False)","(3971, False)","(178, False)","(995, False)","(3324, False)","(4050, False)","(1783, False)","(1661, False)","(2632, False)"
2936,"(2878, False)","(872, False)","(3947, False)","(3167, False)","(2133, False)","(4701, False)","(4902, False)","(4172, False)","(2729, False)","(206, False)","(680, False)","(4385, False)","(1246, False)"
2385,"(3004, False)","(3305, False)","(4064, False)","(2699, False)","(4220, False)","(637, False)","(2590, False)","(4265, False)","(3329, False)","(682, False)","(3803, False)","(2602, False)","(1024, False)","(4564, False)","(3726, False)","(1808, False)","(3974, False)","(1592, False)","(1824, False)","(3237, False)","(1143, False)","(4130, False)"
2544,"(2237, False)","(2096, False)","(2282, False)","(2668, False)","(3606, False)","(344, False)","(2837, False)","(2140, False)","(831, False)","(1186, False)","(4978, False)","(4503, False)","(4637, False)","(1306, False)","(272, False)","(2632, False)","(4883, False)"
2275,"(163, False)","(2358, False)"
4156,"(2730, False)","(4431, False)","(2350, False)","(3079, False)"
4119,"(4389, False)","(874, False)","(622, False)","(3367, False)","(4656, False)","(2431, False)","(2630, False)","(1416, False)","(4517, False)","(4867, False)","(3159, False)","(3615, False)","(4409, False)","(3980, False)","(3011, False)","(4709, False)","(3341, False)"
4560,"(2591, False)","(2041, False)","(2283, False)","(4841, False)","(3914, False)","(4270, False)","(3432, False)","(3000, False)","(1413, False)","(4203, False)","(4965, False)","(3499, False)","(2785, False)","(1033, False)","(3899, False)","(977, False)","(4274, False)"
236,"(616, False)","(3282, False)","(716, False)","(2679, False)","(1442, False)","(781, False)","(4687, False)","(2966, False)","(3230, False)","(4509, False)","(4128, False)","(4864, False)","(2593, False)","(1415, False)","(1382, False)","(711, False)","(3655, False)","(3115, False)","(1364, False)","(4769, False)","(28, False)","(4451, False)","(4670, False)"
802,"(4411, False)","(344, False)","(1249, False)","(3055, False)","(789, False)","(2928, False)","(3389, False)","(1782, False)","(4834, False)","(4991, False)","(4107, False)","(4947, False)","(4384, False)","(3759, False)","(582, False)","(2237, False)","(970, False)","(4883, False)","(2769, False)"
1784,"(154, False)","(497, False)","(4026, False)","(3511, False)","(1603, False)","(4724, False)","(1483, False)","(2831, False)","(1839, False)","(4452, False)","(3107, False)","(3241, False)","(309, False)","(3783, False)"
2898,"(1948, False)","(3119, False)","(2667, False)","(2194, False)","(2635, False)","(1250, False)","(399, False)","(3664, False)","(3245, False)","(4265, False)"
4924,"(1147, False)","(3095, False)","(4497, False)","(4794, False)","(2888, False)"
444,"(3683, False)","(110, False)","(607, False)","(1402, False)","(4510, False)","(168, False)","(2504, False)","(1513, False)","(4071, False)","(2752, False)","(2421, False)","(1331, False)","(990, False)","(1883, False)","(4860, False)","(626, False)","(1771, False)","(3348, False)"
2940,"(782, False)","(4348, False)"
3364,"(1109, False)","(4891, False)","(4174, False)","(437, False)","(1595, False)","(3394, False)","(2624, False)","(3395, False)","(398, False)","(4035, False)","(101, False)","(1105, False)","(3699, False)","(2838, False)","(2586, False)"
3253,"(4805, False)","(2249, False)","(2667, False)","(3098, False)","(2283, False)","(25, False)","(4854, False)","(499, False)","(1614, False)","(1154, False)","(106, False)","(2035, False)","(1253, False)","(1488, False)"
117,"(930, False)","(3828, False)","(2939, False)","(3060, False)"
472,"(749, False)","(4840, False)","(3086, False)","(4555, False)","(3696, False)","(996, False)","(1480, False)","(1493, False)","(1195, False)","(1460, False)","(632, False)","(4051, False)","(3125, False)","(2454, False)","(1573, False)","(117, False)","(4946, False)","(3810, False)","(1804, False)","(2422, False)","(2654, False)","(704, False)","(43, False)","(3668, False)","(141, False)"
1408,"(168, False)","(1824, False)","(757, False)","(3358, False)","(834, False)","(13, False)","(3441, False)"
1870,"(3422, False)","(1758, False)","(2133, False)","(1494, False)","(4239, False)","(2324, False)","(1198, False)","(3403, False)","(4538, False)","(2699, False)","(2689, False)","(2492, False)","(4850, False)","(3308, False)"
3179,"(1063, False)","(4988, False)","(3633, False)","(3986, False)","(4924, False)","(3196, False)","(1929, False)","(2059, False)","(4794, False)","(4277, False)","(2438, False)","(3606, False)","(3739, False)","(58, False)","(4212, False)","(2010, False)"
2367,"(367, False)","(4796, False)","(2250, False)"
724,"(3035, False)","(49, False)"
834,"(1595, False)","(1487, False)","(525, False)","(250, False)","(1047, False)","(2934, False)","(246, False)","(3223, False)","(3056, False)","(255, False)","(2584, False)","(4680, False)","(2507, False)","(4712, False)","(491, False)","(2287, False)"
3252,"(2072, False)","(3560, False)","(4796, False)","(2250, False)","(4356, False)","(4810, False)","(1417, False)","(4194, False)","(4690, False)","(3908, False)","(1405, False)","(3239, False)","(955, False)","(4243, False)","(4197, False)","(1497, False)","(4860, False)"
4071,"(943, False)","(4692, False)","(1659, False)","(2081, False)","(4250, False)","(3710, False)","(526, False)","(3006, False)","(4575, False)","(3154, False)","(2779, False)","(3718, False)","(4346, False)","(4578, False)","(125, False)","(2178, False)","(977, False)","(2783, False)"
4754,"(2168, False)","(4131, False)","(4661, False)","(2004, False)","(4847, False)","(1794, False)","(2036, False)","(3989, False)","(1619, False)","(981, False)","(3670, False)","(905, False)","(4148, False)","(1625, False)","(4566, False)","(4369, False)","(2860, False)"
4041,"(1100, False)","(4944, False)","(2951, False)","(4449, False)","(3824, False)","(2512, False)","(198, False)","(2678, False)","(1729, False)","(2579, False)","(4309, False)","(1698, False)","(1832, False)","(4158, False)","(2371, False)","(784, False)","(2360, False)","(1502, False)","(4965, False)","(227, False)"
88,"(2156, False)","(3362, False)","(2735, False)","(762, False)","(2308, False)","(3806, False)","(2893, False)","(3563, False)","(2640, False)"
1531,"(396, False)","(3196, False)","(4452, False)","(3107, False)","(3241, False)","(1038, False)","(154, False)","(497, False)","(1105, False)","(2, False)","(532, False)","(4170, False)","(191, False)","(1646, False)","(2817, False)","(4107, False)","(4781, False)","(1198, False)"
2546,"(3114, False)","(4128, False)","(2311, False)","(711, False)","(1967, False)","(1364, False)","(3677, False)","(781, False)","(4769, False)","(2632, False)","(4670, False)","(3230, False)","(4509, False)","(1024, False)","(2126, False)","(2590, False)","(4687, False)","(3803, False)","(167, False)","(2372, False)"
1637,"(3761, False)","(4248, False)","(347, False)","(1416, False)","(4506, False)","(1672, False)","(1432, False)"
3112,"(1539, False)","(832, False)","(2232, False)","(72, False)","(824, False)","(1740, False)","(2093, False)","(4539, False)","(1663, False)","(737, False)","(3615, False)","(3978, False)","(34, False)","(819, False)","(4918, False)","(2186, False)","(137, False)","(1857, False)"
1231,"(2844, False)","(4277, False)","(1423, False)","(3075, False)","(3554, False)","(3508, False)","(4712, False)","(2045, False)","(588, False)","(3565, False)","(159, False)","(4183, False)","(1450, False)","(3360, False)","(2885, False)"
4180,"(1380, False)","(2152, False)","(1988, False)","(3002, False)","(4745, False)","(786, False)","(1118, False)","(295, False)","(2379, False)","(4859, False)","(4508, False)","(1278, False)","(142, False)","(2130, False)"
1217,"(4895, False)","(586, False)","(91, False)","(3377, False)","(4767, False)","(4227, False)","(2432, False)","(4934, False)","(350, False)","(2941, False)","(2378, False)","(738, False)","(4507, False)","(3296, False)","(2095, False)","(3649, False)"
164,"(2150, False)"
4952,"(1487, False)","(1741, False)","(1040, False)","(607, False)","(476, False)","(2272, False)","(3598, False)","(3182, False)","(2220, False)","(1429, False)"
1998,"(3510, False)","(3938, False)","(3280, False)","(3456, False)","(4061, False)","(1759, False)","(911, False)","(2357, False)","(4794, False)","(2268, False)","(2005, False)","(4056, False)","(4775, False)","(2249, False)","(4388, False)","(995, False)"
786,"(2987, False)","(3838, False)","(1416, False)","(2230, False)","(93, False)","(2121, False)","(2830, False)","(1176, False)","(2818, False)","(3338, False)","(4244, False)"
4660,"(2776, False)","(34, False)","(2779, False)","(750, False)","(3648, False)","(3419, False)","(4400, False)","(1844, False)","(4301, False)","(3731, False)","(1084, False)","(524, False)","(3223, False)","(568, False)","(4880, False)","(1320, False)","(2288, False)","(1551, False)","(3900, False)","(1374, False)","(4207, False)","(2028, False)","(526, False)","(1962, False)"
3034,"(1741, False)","(2722, False)","(2555, False)","(3451, False)","(3240, False)","(3086, False)","(4090, False)","(2382, False)","(2869, False)","(4125, False)","(4380, False)","(4965, False)","(4735, False)","(2807, False)","(1030, False)","(2852, False)","(3313, False)","(3470, False)","(803, False)"
905,"(2041, False)","(1524, False)","(2803, False)","(2658, False)","(1227, False)","(1590, False)","(435, False)","(1448, False)","(923, False)","(4515, False)","(4419, False)","(1795, False)","(195, False)","(990, False)","(64, False)","(1474, False)","(3414, False)","(122, False)"
2199,"(2337, False)","(1293, False)","(1489, False)","(2837, False)","(3782, False)","(2342, False)","(2548, False)","(4105, False)","(2109, False)","(3244, False)","(2972, False)","(4591, False)","(3521, False)","(789, False)","(3138, False)","(857, False)","(4878, False)","(3533, False)","(4858, False)","(2125, False)","(3270, False)","(3394, False)","(2480, False)","(4829, False)","(3660, False)","(4576, False)"
689,"(3320, False)","(1568, False)","(2857, False)","(1306, False)","(4017, False)","(1870, False)","(3315, False)","(2487, False)","(4198, False)","(4142, False)","(4616, False)","(550, False)","(2758, False)"
4907,"(2504, False)","(2892, False)","(2466, False)","(2986, False)","(4929, False)"
1943,"(1099, False)","(4308, False)","(790, False)","(636, False)","(2975, False)","(1486, False)","(2038, False)","(3196, False)","(4861, False)","(287, False)","(1589, False)","(761, False)","(3329, False)","(1073, False)","(598, False)","(787, False)","(1768, False)"
4598,"(357, False)","(2140, False)","(1186, False)","(4978, False)","(3315, False)","(1306, False)","(1309, False)","(602, False)","(4021, False)","(1495, False)","(2784, False)","(29, False)","(1585, False)","(4343, False)","(840, False)"
4617,"(2814, False)","(1265, False)"
4169,"(3971, False)","(1808, False)"
485,"(4465, False)","(2272, False)","(142, False)","(2612, False)","(2890, False)","(586, False)","(3981, False)","(4301, False)","(246, False)","(1616, False)","(4282, False)","(182, False)","(4648, False)","(3182, False)","(3051, False)","(1862, False)","(749, False)","(716, False)"
3645,"(2510, False)","(680, False)"
2075,"(3362, False)","(2006, False)"
727,"(2915, False)","(3830, False)","(3194, False)","(4306, False)","(438, False)","(4243, False)","(3690, False)","(2875, False)","(107, False)","(4167, False)","(2148, False)","(2854, False)","(3550, False)","(2349, False)"
4248,"(99, False)","(1905, False)","(982, False)","(1731, False)","(893, False)","(4918, False)","(4875, False)","(1482, False)","(932, False)","(3641, False)","(4173, False)","(2959, False)","(315, False)","(151, False)","(1849, False)","(3547, False)","(4679, False)","(4957, False)","(2277, False)","(2244, False)","(1982, False)","(2093, False)","(3117, False)","(1994, False)"
2315,"(2260, False)","(2, False)","(1987, False)","(2350, False)","(1038, False)","(338, False)","(1483, False)","(1640, False)","(3953, False)","(1485, False)","(3220, False)","(4872, False)","(1953, False)"
604,"(2844, False)","(4277, False)","(1423, False)","(2638, False)","(3554, False)","(3508, False)","(91, False)","(588, False)","(159, False)","(4183, False)","(2949, False)","(4712, False)","(1450, False)","(2045, False)","(4934, False)"
1036,"(4573, False)","(2569, False)","(3439, False)","(931, False)","(1427, False)","(1862, False)","(2863, False)"
2361,"(1589, False)","(1195, False)","(1734, False)","(4778, False)","(1450, False)"
36,"(3146, False)","(4748, False)","(1750, False)","(4871, False)","(3248, False)","(4033, False)","(2953, False)","(4607, False)","(4004, False)","(1622, False)","(3431, False)","(2272, False)","(940, False)","(3343, False)"
1346,"(4878, False)","(4858, False)","(2125, False)","(3270, False)","(4829, False)","(3660, False)","(4576, False)","(1293, False)","(4105, False)","(3521, False)","(789, False)"
3598,"(2699, False)","(4680, False)"
357,"(4629, False)","(1346, False)","(2638, False)","(1159, False)","(3917, False)","(4280, False)","(1260, False)","(853, False)","(3865, False)","(3007, False)","(3263, False)","(2602, False)"
2929,"(4261, False)","(584, False)","(2602, False)","(232, False)","(1455, False)","(1248, False)","(2564, False)"
4815,"(4240, False)","(2892, False)","(3552, False)","(787, False)","(1748, False)"
4403,"(4524, False)","(94, False)","(1951, False)","(3620, False)"
2484,"(4176, False)","(3855, False)","(1553, False)","(4674, False)","(2635, False)","(1136, False)","(4146, False)","(2349, False)","(3078, False)","(4524, False)","(3189, False)","(509, False)","(630, False)","(1281, False)","(3620, False)","(2982, False)","(4326, False)","(4545, False)","(3323, False)"
2680,"(3068, False)","(1625, False)","(3290, False)","(4286, False)","(4518, False)","(4124, False)","(662, False)","(4290, False)"
2296,"(827, False)","(4982, False)","(188, False)","(2030, False)","(433, False)","(2284, False)","(3466, False)","(3942, False)","(4782, False)","(3977, False)","(2910, False)","(1577, False)","(386, False)"
711,"(1779, False)","(4609, False)","(2231, False)","(1537, False)","(4128, False)","(3038, False)","(4551, False)","(98, False)","(196, False)","(2447, False)","(670, False)","(4883, False)","(1951, False)","(2935, False)"
280,"(101, False)","(4040, False)","(490, False)","(1481, False)","(3931, False)","(733, False)","(1119, False)","(667, False)","(359, False)","(3692, False)","(328, False)","(992, False)","(1917, False)","(3903, False)","(2976, False)","(1546, False)","(2933, False)"
4735,"(3313, False)","(1453, False)","(4914, False)","(3670, False)","(12, False)","(1520, False)","(3548, False)","(793, False)","(397, False)","(3795, False)","(1557, False)","(2558, False)","(1778, False)","(2681, False)","(1999, False)"
2517,"(2632, False)"
3206,"(4691, False)","(1494, False)","(3565, False)","(159, False)","(2750, False)","(2036, False)","(1253, False)","(2156, False)","(4661, False)","(3527, False)","(860, False)","(3938, False)","(3385, False)","(3241, False)","(2737, False)","(4070, False)"
3304,"(3914, False)","(69, False)","(575, False)","(1692, False)","(2320, False)","(710, False)","(3190, False)","(3612, False)","(1992, False)","(3601, False)","(1386, False)","(923, False)","(42, False)","(1210, False)","(4884, False)","(4308, False)","(3791, False)","(3647, False)","(2603, False)","(1389, False)","(1016, False)"
43,"(1585, False)","(3055, False)","(3894, False)","(3213, False)","(798, False)","(3677, False)","(832, False)","(4306, False)","(2986, False)","(4563, False)"
3317,"(2721, False)"
2847,"(4349, False)","(1316, False)","(337, False)","(4924, False)","(922, False)","(4098, False)","(2004, False)","(659, False)","(1156, False)","(3360, False)","(3471, False)","(981, False)","(441, False)","(1566, False)","(2590, False)","(882, False)","(3496, False)","(553, False)","(4315, False)","(4148, False)","(4370, False)","(3048, False)"
3170,"(1951, False)","(2261, False)","(873, False)","(453, False)","(3409, False)","(51, False)","(2498, False)","(3479, False)","(746, False)","(2388, False)","(2138, False)","(1310, False)"
3175,"(4708, False)","(794, False)","(1216, False)","(3388, False)","(2186, False)","(621, False)","(4161, False)","(611, False)","(1176, False)","(2048, False)","(1298, False)","(1265, False)","(1156, False)"
1479,"(4746, False)","(3954, False)","(4958, False)","(1894, False)","(1190, False)","(4432, False)","(1038, False)","(212, False)","(2999, False)","(885, False)"
4417,"(500, False)","(614, False)","(2773, False)","(1716, False)","(2864, False)","(3635, False)","(680, False)","(705, False)","(142, False)","(167, False)","(661, False)","(1380, False)","(2757, False)","(3388, False)","(4291, False)","(4147, False)","(3728, False)","(3849, False)","(3983, False)","(786, False)","(2189, False)"
3276,"(2252, False)","(3488, False)","(226, False)","(1461, False)","(1794, False)","(2036, False)","(3989, False)","(4566, False)"
1866,"(2010, False)","(1954, False)","(3566, False)","(624, False)","(38, False)","(3941, False)","(3633, False)","(375, False)","(453, False)","(3078, False)","(3025, False)"
2259,"(1038, False)","(3210, False)","(4524, False)","(1359, False)","(3953, False)","(2774, False)","(3018, False)","(1539, False)","(2069, False)","(176, False)","(2, False)"
4703,"(484, False)","(1200, False)","(264, False)","(1566, False)","(1785, False)","(1147, False)","(1654, False)","(2481, False)","(4244, False)","(830, False)","(4952, False)","(3496, False)","(4291, False)","(4039, False)","(3630, False)","(2121, False)","(346, False)","(2839, False)","(3371, False)"
4671,"(4473, False)","(285, False)","(2489, False)","(342, False)","(4739, False)","(1643, False)","(553, False)","(3552, False)","(895, False)","(4412, False)"
2184,"(2850, False)","(435, False)","(26, False)","(4348, False)","(1648, False)","(4759, False)","(858, False)","(4846, False)","(1684, False)","(4752, False)","(278, False)","(3199, False)","(4082, False)","(4566, False)"
4140,"(227, False)","(2974, False)","(3690, False)","(2678, False)","(4749, False)","(3594, False)","(3805, False)","(840, False)","(1370, False)","(4626, False)","(470, False)"
4975,"(4884, False)","(1807, False)","(424, False)","(3763, False)","(92, False)","(2958, False)","(448, False)","(1472, False)","(846, False)","(2629, False)"
3881,"(232, False)","(1360, False)","(4301, False)","(2020, False)","(2507, False)","(2893, False)","(4545, False)","(2993, False)","(4946, False)","(866, False)","(2564, False)","(1726, False)","(1761, False)","(4672, False)","(198, False)","(2150, False)"
4175,"(2436, False)","(4656, False)","(2849, False)","(769, False)"
2034,"(4568, False)","(2840, False)","(3227, False)","(1501, False)","(2669, False)","(3506, False)","(4810, False)","(3609, False)","(1250, False)"
1450,"(4431, False)","(608, False)","(3958, False)","(3509, False)","(3816, False)","(2882, False)","(899, False)","(600, False)","(4372, False)","(3688, False)","(998, False)","(2696, False)","(108, False)","(2964, False)","(4770, False)","(3559, False)","(1311, False)"
3557,"(4229, False)","(2820, False)","(140, False)","(2126, False)","(1432, False)","(3757, False)","(2094, False)","(2215, False)","(2725, False)","(3628, False)","(3100, False)","(4006, False)","(256, False)","(3753, False)","(3586, False)","(425, False)"
4304,"(1912, False)","(3590, False)","(1473, False)","(968, False)","(1717, False)","(2080, False)","(1033, False)","(1000, False)","(4615, False)","(3957, False)","(924, False)","(3669, False)","(1984, False)","(2822, False)","(2118, False)","(4313, False)","(985, False)","(3709, False)"
1386,"(1643, False)","(857, False)","(2985, False)"
4202,"(1635, False)","(3431, False)","(1713, False)","(4912, False)","(3963, False)","(524, False)","(1790, False)","(561, False)","(4112, False)","(4573, False)","(2050, False)","(2701, False)","(665, False)","(3485, False)","(321, False)","(3344, False)","(4852, False)","(4214, False)"
2175,"(1574, False)","(2810, False)","(3032, False)","(3663, False)","(512, False)","(2716, False)","(4469, False)"
2560,"(4125, False)","(4448, False)","(2687, False)","(4409, False)"
4307,"(2740, False)","(3458, False)","(1684, False)","(3382, False)","(1901, False)"
3172,"(4243, False)","(1877, False)","(1406, False)","(3019, False)","(4131, False)"
677,"(2796, False)","(2727, False)","(446, False)","(1296, False)","(4571, False)","(2974, False)","(3193, False)","(4792, False)","(1842, False)","(4289, False)","(2921, False)","(2348, False)","(3541, False)","(1129, False)","(2022, False)"
1350,"(938, False)","(1204, False)","(1812, False)","(1526, False)","(2242, False)","(4692, False)"
4271,"(2530, False)","(3952, False)","(561, False)","(2592, False)","(1393, False)"
3046,"(2333, False)","(3603, False)","(88, False)","(705, False)","(3947, False)","(1986, False)"
1043,"(2629, False)","(1616, False)","(3425, False)","(4449, False)","(4128, False)","(3899, False)","(2698, False)","(1100, False)","(4309, False)","(2447, False)","(670, False)","(4609, False)","(784, False)","(1951, False)","(3351, False)","(2801, False)"
3979,"(4838, False)","(1745, False)","(400, False)","(4424, False)","(720, False)","(2653, False)","(3448, False)","(2953, False)","(3239, False)"
1754,"(2986, False)"
1461,"(4539, False)","(560, False)","(739, False)","(3287, False)","(399, False)","(2475, False)","(1526, False)","(4006, False)","(1241, False)","(4692, False)","(2676, False)"
654,"(538, False)","(3739, False)","(3630, False)","(3510, False)","(3887, False)","(327, False)","(2005, False)"
4018,"(4457, False)","(4471, False)"
2302,"(1771, False)","(3348, False)","(2752, False)","(2421, False)","(1331, False)","(990, False)","(1883, False)","(4860, False)","(3494, False)","(3683, False)","(3794, False)","(607, False)","(1402, False)","(4510, False)","(1513, False)","(2504, False)","(4071, False)","(841, False)","(3952, False)"
3944,"(2256, False)","(792, False)","(1432, False)","(1003, False)","(1028, False)","(2869, False)","(3159, False)","(3436, False)"
2374,"(3108, False)","(4894, False)","(2158, False)","(266, False)","(3089, False)","(321, False)","(553, False)","(4112, False)","(2054, False)","(287, False)","(4114, False)","(2628, False)","(3004, False)","(4214, False)","(1351, False)","(349, False)","(4549, False)","(4074, False)"
990,"(3233, False)","(1151, False)","(3116, False)","(2046, False)","(2445, False)","(3423, False)","(1100, False)","(1803, False)","(539, False)","(1136, False)","(2405, False)","(1216, False)","(1844, False)"
1622,"(2915, False)","(3586, False)","(3628, False)","(1314, False)","(3830, False)"
2545,"(4158, False)","(3630, False)","(312, False)","(3420, False)","(1768, False)","(636, False)","(3393, False)","(206, False)","(1485, False)","(3569, False)","(1486, False)","(3063, False)"
1633,"(2701, False)","(3485, False)","(4852, False)","(3963, False)","(524, False)","(3344, False)","(4112, False)"
4468,"(3201, False)","(3214, False)","(1614, False)","(3413, False)","(4186, False)","(2026, False)","(2667, False)","(4397, False)","(3261, False)","(551, False)","(2249, False)","(3152, False)","(4588, False)","(112, False)","(452, False)","(4522, False)"
3066,"(2023, False)","(4782, False)","(4903, False)","(1577, False)","(1876, False)","(112, False)"
153,"(4838, False)","(2623, False)","(3427, False)","(3250, False)","(4411, False)","(4708, False)","(2803, False)","(1725, False)","(4515, False)","(2551, False)","(1474, False)","(2478, False)","(3449, False)","(923, False)","(3658, False)"
1055,"(1003, False)","(3100, False)","(177, False)","(2493, False)","(4834, False)","(3476, False)","(1316, False)","(2595, False)","(978, False)","(4870, False)","(4408, False)","(4617, False)"
2816,"(1439, False)","(483, False)","(3316, False)","(2250, False)","(2338, False)","(4733, False)","(2230, False)","(4899, False)"
3367,"(1987, False)"
1544,"(2888, False)","(2423, False)"
4675,"(3121, False)","(3749, False)","(3465, False)","(4208, False)"
1896,"(3196, False)","(4344, False)","(2865, False)","(1543, False)","(4179, False)","(532, False)","(4107, False)","(2232, False)","(733, False)","(2817, False)","(647, False)","(1198, False)"
4142,"(3152, False)","(4546, False)","(4832, False)","(3677, False)","(1890, False)","(3073, False)","(2258, False)","(2611, False)","(108, False)"
2120,"(51, False)","(1210, False)","(3889, False)","(926, False)","(2139, False)","(3453, False)","(3574, False)"
2261,"(1976, False)","(489, False)","(2509, False)","(4691, False)","(1651, False)","(437, False)","(2688, False)","(2148, False)","(4862, False)","(2359, False)","(2250, False)","(2083, False)","(3385, False)","(4919, False)","(2910, False)","(695, False)"
2189,"(1462, False)","(372, False)","(3438, False)","(2754, False)","(3693, False)","(2338, False)","(509, False)","(400, False)","(4015, False)","(2011, False)","(822, False)","(4447, False)"
2865,"(550, False)","(3043, False)","(4498, False)","(3463, False)","(695, False)","(1611, False)","(730, False)","(3121, False)","(533, False)","(732, False)","(50, False)","(405, False)","(3922, False)","(4043, False)","(2642, False)"
4433,"(2806, False)","(1473, False)","(1288, False)","(3329, False)","(3384, False)","(498, False)","(3739, False)","(2230, False)","(2507, False)","(455, False)"
4186,"(3343, False)","(611, False)","(2727, False)","(3764, False)","(834, False)","(2247, False)"
890,"(1847, False)","(1669, False)","(2388, False)","(3722, False)","(250, False)","(4277, False)","(2523, False)","(3880, False)","(35, False)","(1866, False)","(4820, False)"
3546,"(1033, False)","(738, False)","(4320, False)","(3023, False)","(893, False)","(1786, False)","(1687, False)","(234, False)","(3499, False)","(2638, False)","(3432, False)","(657, False)","(3999, False)","(1450, False)","(1188, False)"
815,"(4934, False)","(2025, False)","(2872, False)","(2885, False)","(3513, False)","(1872, False)","(121, False)","(4629, False)","(2679, False)","(2482, False)","(2781, False)","(4183, False)","(525, False)"
1773,"(2014, False)","(2029, False)","(2215, False)","(2735, False)","(212, False)","(804, False)","(3872, False)","(609, False)","(1548, False)","(1646, False)","(4468, False)","(249, False)"
2772,"(2987, False)","(3736, False)","(4717, False)","(2060, False)","(178, False)","(1048, False)","(4630, False)","(2657, False)","(3838, False)","(4050, False)","(2132, False)","(680, False)","(1154, False)","(601, False)","(1661, False)","(4769, False)","(2632, False)","(106, False)"
2693,"(479, False)","(3047, False)","(2638, False)","(3312, False)","(2363, False)","(2814, False)","(347, False)","(2166, False)","(4502, False)","(3147, False)","(2584, False)","(2397, False)","(303, False)","(1363, False)","(1968, False)","(2841, False)","(2500, False)","(4934, False)","(529, False)","(2721, False)","(4949, False)","(3992, False)","(3848, False)","(396, False)","(4322, False)","(4047, False)","(4236, False)","(3189, False)"
1781,"(4498, False)","(1426, False)","(2578, False)","(3371, False)"
3839,"(611, False)"
2238,"(1067, False)","(2083, False)","(905, False)","(2701, False)","(2448, False)","(4004, False)","(3441, False)","(4789, False)","(71, False)","(843, False)"
2472,"(1005, False)","(647, False)"
638,"(3208, False)","(2636, False)","(2890, False)","(1964, False)","(1538, False)","(831, False)","(909, False)","(3358, False)","(2388, False)"
2783,"(3490, False)","(3094, False)","(2402, False)","(4751, False)","(4960, False)","(3638, False)","(3253, False)","(367, False)","(3000, False)","(4292, False)","(3819, False)"
4807,"(1862, False)","(4448, False)","(3521, False)"
255,"(4575, False)","(760, False)","(1159, False)","(3200, False)","(1832, False)","(2836, False)","(1008, False)","(680, False)","(1419, False)","(1572, False)","(3800, False)","(3459, False)","(1698, False)","(1521, False)","(2015, False)","(4377, False)"
4683,"(3632, False)","(96, False)","(3877, False)","(4119, False)","(372, False)","(1310, False)","(4300, False)","(4398, False)","(4211, False)"
2271,"(3351, False)","(257, False)","(736, False)","(2168, False)","(2148, False)"
2634,"(4306, False)"
4319,"(4932, False)","(690, False)","(1517, False)","(1317, False)","(4703, False)","(1405, False)","(2873, False)","(890, False)","(2512, False)","(3626, False)","(4882, False)","(608, False)"
1524,"(798, False)"
1393,"(4924, False)","(1159, False)","(853, False)","(875, False)"
1335,"(4919, False)","(4215, False)"
3127,"(4854, False)","(2981, False)","(337, False)","(62, False)","(3919, False)","(4527, False)","(4549, False)","(2226, False)","(891, False)","(1741, False)","(4355, False)","(762, False)","(4639, False)","(4079, False)","(355, False)","(4653, False)","(3089, False)","(1646, False)"
4490,"(176, False)","(3032, False)","(2635, False)","(3839, False)","(4545, False)","(4524, False)","(2086, False)","(2452, False)","(2982, False)","(1064, False)","(1427, False)","(3006, False)","(175, False)","(263, False)","(4176, False)"
1243,"(900, False)","(4156, False)","(4612, False)"
2621,"(1455, False)","(4810, False)","(19, False)","(1033, False)","(4850, False)"
2798,"(105, False)","(324, False)","(3621, False)","(4340, False)","(737, False)","(43, False)","(1866, False)","(1050, False)","(1582, False)"
2638,"(1544, False)","(3398, False)","(2845, False)","(3509, False)","(566, False)","(1206, False)","(3434, False)","(3688, False)","(3296, False)"
3560,"(3051, False)","(2697, False)","(3527, False)","(2257, False)","(1379, False)","(3715, False)","(2383, False)","(154, False)","(3759, False)","(1027, False)","(618, False)","(2329, False)","(4026, False)","(1657, False)","(3236, False)"
3069,"(4211, False)","(818, False)","(2485, False)","(4318, False)","(3966, False)","(4584, False)","(3877, False)","(2524, False)"
1355,"(323, False)","(3598, False)","(2452, False)","(557, False)","(218, False)","(51, False)","(4746, False)","(2887, False)","(1709, False)","(1964, False)"
1833,"(4005, False)","(3432, False)","(1297, False)","(3867, False)","(726, False)","(1046, False)","(3761, False)"
3408,"(3942, False)","(1004, False)","(827, False)","(2030, False)","(245, False)","(235, False)","(4678, False)","(146, False)","(898, False)"
3388,"(3847, False)","(3716, False)","(1311, False)","(3627, False)","(422, False)","(4842, False)","(1040, False)","(1844, False)","(610, False)","(3764, False)","(3731, False)","(2409, False)","(3786, False)","(1021, False)","(1694, False)","(4880, False)","(3263, False)"
4773,"(2083, False)","(2701, False)","(2262, False)","(122, False)","(2448, False)","(301, False)","(1524, False)","(4004, False)","(3441, False)","(4789, False)","(71, False)","(843, False)","(2386, False)","(3446, False)","(3367, False)","(503, False)","(41, False)","(4791, False)","(1067, False)","(923, False)"
3087,"(2808, False)","(4319, False)","(1323, False)","(317, False)"
1659,"(2432, False)","(4852, False)"
107,"(2335, False)","(3195, False)","(4474, False)","(1015, False)","(4398, False)","(3351, False)","(275, False)","(3285, False)","(2460, False)","(101, False)","(464, False)","(4776, False)","(4079, False)","(4851, False)","(290, False)","(3057, False)","(2386, False)","(3808, False)","(2319, False)","(3356, False)","(570, False)","(141, False)","(3645, False)"
1874,"(4163, False)","(4100, False)","(110, False)","(2723, False)","(3287, False)","(3622, False)"
4887,"(1960, False)","(4932, False)","(2595, False)","(2839, False)"
429,"(2242, False)","(4250, False)","(94, False)","(1033, False)","(3709, False)","(1199, False)","(2586, False)","(3590, False)","(1473, False)","(1717, False)","(2118, False)","(3286, False)","(1, False)","(3518, False)","(2899, False)"
706,"(1998, False)","(2570, False)","(4919, False)","(4546, False)","(1614, False)","(930, False)","(4522, False)","(546, False)","(4603, False)","(3073, False)","(2026, False)","(2258, False)","(108, False)","(3988, False)","(2040, False)","(4245, False)","(1310, False)","(3152, False)","(276, False)"
3218,"(2482, False)","(1572, False)","(1727, False)","(1583, False)","(1298, False)","(3626, False)","(2624, False)"
170,"(526, False)"
855,"(1303, False)","(3220, False)","(4380, False)","(3951, False)","(4821, False)","(2079, False)","(4646, False)","(1838, False)","(1605, False)"
3428,"(1803, False)","(2125, False)","(1100, False)","(4574, False)","(4795, False)","(4147, False)","(2792, False)","(3233, False)","(1446, False)","(654, False)","(2430, False)","(656, False)"
3928,"(2269, False)","(4211, False)","(1284, False)"
2514,"(1877, False)","(4357, False)","(1461, False)","(1548, False)","(2256, False)","(3021, False)","(397, False)"
2157,"(1984, False)","(1741, False)","(4751, False)","(3893, False)","(489, False)","(4588, False)","(2620, False)","(3094, False)","(849, False)","(857, False)"
435,"(3196, False)","(2338, False)","(574, False)","(1126, False)","(4620, False)","(2538, False)","(1811, False)","(2782, False)","(3698, False)","(4162, False)","(4371, False)","(1462, False)","(4062, False)"
4384,"(4965, False)","(338, False)","(3953, False)","(789, False)","(1178, False)","(2555, False)","(2237, False)","(4565, False)","(323, False)"
1722,"(335, False)","(1970, False)","(4306, False)","(1538, False)","(836, False)","(2382, False)","(2901, False)","(2373, False)","(1964, False)","(3907, False)"
3769,"(2, False)","(4114, False)","(191, False)","(1038, False)","(1646, False)","(72, False)","(4832, False)","(3953, False)","(2821, False)"
2642,"(1918, False)"
1592,"(2211, False)","(2765, False)","(1411, False)","(4039, False)"
2105,"(2324, False)"
4392,"(4596, False)","(3902, False)","(2216, False)","(4807, False)","(818, False)","(3794, False)","(4591, False)","(4051, False)","(3115, False)","(2244, False)","(4406, False)","(3381, False)"
3280,"(4914, False)","(4891, False)","(4331, False)","(3395, False)","(1651, False)","(3394, False)","(2624, False)","(101, False)","(1105, False)","(2838, False)","(829, False)","(3125, False)","(1109, False)","(2332, False)","(4174, False)","(3699, False)","(1595, False)","(2586, False)","(2213, False)"
4746,"(3367, False)","(1416, False)","(4912, False)","(4389, False)","(3980, False)","(3341, False)"
3415,"(1432, False)","(3761, False)","(2570, False)","(89, False)","(2539, False)","(3972, False)","(2483, False)","(1416, False)","(2914, False)","(303, False)","(2033, False)","(4248, False)","(1362, False)","(2363, False)","(161, False)","(3809, False)","(347, False)","(3887, False)","(1672, False)","(2267, False)","(889, False)","(4857, False)","(1212, False)","(4506, False)","(4640, False)"
2448,"(856, False)","(2939, False)","(3060, False)","(4498, False)","(143, False)","(4883, False)","(2405, False)","(1269, False)","(1514, False)","(696, False)","(2901, False)","(1844, False)"
80,"(1777, False)","(1548, False)","(2443, False)","(3411, False)","(3052, False)","(1339, False)","(1776, False)"
3903,"(4669, False)","(4713, False)","(592, False)","(441, False)","(775, False)"
1881,"(1159, False)","(2771, False)","(4822, False)","(3546, False)","(4461, False)","(1938, False)","(2114, False)","(1783, False)","(4001, False)"
218,"(965, False)","(4217, False)","(1077, False)","(3010, False)","(3219, False)","(585, False)","(4576, False)","(4810, False)","(1734, False)","(4158, False)","(2848, False)"
2098,"(226, False)","(4549, False)","(3479, False)","(4394, False)","(107, False)","(2191, False)","(2413, False)","(3450, False)","(1877, False)"
3105,"(874, False)"
3672,"(167, False)","(3114, False)","(1877, False)","(1967, False)","(1450, False)","(226, False)","(1551, False)","(4394, False)","(4924, False)","(3677, False)","(3450, False)","(2887, False)","(1577, False)"
4048,"(3078, False)","(2361, False)","(4114, False)","(4588, False)","(3675, False)","(3213, False)","(798, False)","(4832, False)","(3677, False)","(4017, False)","(4537, False)","(1890, False)","(832, False)","(3953, False)","(3413, False)","(4992, False)","(2986, False)","(1585, False)","(2877, False)"
3208,"(742, False)","(72, False)","(831, False)","(3402, False)","(4524, False)"
302,"(3565, False)","(1993, False)","(2842, False)","(2468, False)","(2339, False)","(4566, False)","(2570, False)","(2837, False)"
4469,"(3458, False)","(1432, False)","(4709, False)","(3111, False)"
2972,"(178, False)","(917, False)","(2494, False)","(3554, False)","(4005, False)","(1207, False)","(2479, False)","(4936, False)","(4903, False)","(2632, False)","(2324, False)","(1577, False)"
233,"(3358, False)","(670, False)","(1464, False)","(757, False)","(2831, False)","(1244, False)","(2447, False)","(1951, False)","(4457, False)"
4131,"(1777, False)","(1776, False)","(3411, False)","(1339, False)","(2443, False)","(3007, False)","(1541, False)","(3052, False)"
2104,"(1945, False)"
4145,"(1797, False)","(4555, False)","(1698, False)","(1832, False)","(1943, False)","(4503, False)","(4470, False)","(632, False)","(2231, False)","(117, False)","(1055, False)","(2422, False)","(4170, False)","(1210, False)","(2139, False)"
2959,"(4072, False)","(2524, False)","(4595, False)"
3551,"(2635, False)","(335, False)","(675, False)","(1307, False)"
4829,"(4006, False)","(3489, False)","(2310, False)","(2421, False)","(3523, False)","(1402, False)","(1621, False)","(3253, False)","(4345, False)"
2879,"(3554, False)","(3787, False)","(4140, False)","(4670, False)","(1473, False)","(2765, False)","(1187, False)","(1308, False)","(1158, False)","(1874, False)"
590,"(3078, False)","(3927, False)","(2017, False)"
2284,"(3201, False)","(3214, False)","(1614, False)","(3413, False)","(3261, False)","(4186, False)","(551, False)","(3152, False)","(2026, False)","(2667, False)","(452, False)","(4397, False)","(2249, False)","(4588, False)","(112, False)","(4522, False)"
778,"(4037, False)","(1305, False)","(1812, False)","(1910, False)","(3346, False)","(280, False)","(1284, False)","(2242, False)","(3521, False)","(3092, False)","(2794, False)","(1828, False)","(3270, False)","(1320, False)","(1817, False)","(2612, False)","(1103, False)","(651, False)","(1158, False)","(2545, False)","(2172, False)","(4652, False)","(68, False)","(2548, False)","(4717, False)","(938, False)","(4059, False)","(551, False)"
55,"(524, False)","(4924, False)","(1253, False)","(616, False)","(380, False)","(1381, False)","(3003, False)"
2872,"(1272, False)","(143, False)","(551, False)"
887,"(3306, False)","(3794, False)"
3599,"(3098, False)","(4861, False)","(2579, False)","(995, False)","(4335, False)","(4292, False)","(3510, False)","(3794, False)","(3842, False)","(2772, False)","(3887, False)","(3356, False)","(1298, False)","(2357, False)"
212,"(3253, False)","(3000, False)","(4832, False)","(4292, False)","(1766, False)","(4877, False)","(1968, False)","(4402, False)","(1359, False)","(4792, False)","(1716, False)","(2367, False)","(3426, False)","(3638, False)"
4148,"(4179, False)","(1799, False)","(4390, False)","(4913, False)","(604, False)","(1024, False)"
2689,"(3636, False)","(1136, False)","(3423, False)","(3223, False)","(568, False)","(822, False)"
1308,"(1120, False)","(295, False)","(4590, False)"
1284,"(4555, False)","(245, False)","(2605, False)"
3006,"(2296, False)","(4334, False)","(4843, False)","(2320, False)","(1207, False)","(3510, False)","(3238, False)","(954, False)","(1233, False)","(3273, False)"
1205,"(2132, False)","(856, False)","(3439, False)","(1920, False)"
3090,"(3952, False)","(3349, False)","(540, False)"
831,"(3648, False)","(1962, False)"
1702,"(350, False)","(4263, False)","(195, False)","(41, False)","(1496, False)","(1607, False)","(4177, False)","(3185, False)","(4310, False)","(1843, False)","(818, False)","(1040, False)","(1491, False)","(2672, False)"
580,"(1707, False)","(4196, False)","(2038, False)","(3196, False)","(3003, False)","(3189, False)","(2871, False)"
4979,"(4987, False)","(1851, False)","(3382, False)","(2128, False)","(1961, False)"
1836,"(2156, False)","(4603, False)","(1305, False)","(1284, False)","(2732, False)","(4407, False)","(352, False)","(3460, False)","(2350, False)","(1181, False)"
4951,"(2036, False)","(2808, False)","(3603, False)","(635, False)","(3910, False)","(1541, False)","(317, False)","(4517, False)","(4620, False)","(2747, False)","(3057, False)"
1347,"(2602, False)","(1737, False)","(4628, False)","(682, False)","(1817, False)","(540, False)"
571,"(1069, False)","(4700, False)"
3730,"(497, False)","(3857, False)","(1051, False)","(2840, False)"
3835,"(928, False)","(2258, False)"
3888,"(37, False)","(945, False)","(4572, False)","(2324, False)","(4748, False)","(2547, False)","(3132, False)","(763, False)"
1905,"(161, False)","(933, False)","(2136, False)","(3581, False)","(947, False)","(3681, False)","(1930, False)","(3075, False)","(1069, False)","(1212, False)","(2537, False)","(2383, False)","(89, False)","(2647, False)","(2539, False)"
3735,"(3586, False)","(3308, False)","(3935, False)"
1438,"(3664, False)"
4412,"(3950, False)","(107, False)"
1831,"(3860, False)","(3673, False)","(3149, False)","(3966, False)","(453, False)"
3680,"(4674, False)","(509, False)","(630, False)","(1281, False)","(1136, False)","(4146, False)","(4545, False)","(3189, False)","(3323, False)","(2982, False)","(4326, False)","(526, False)","(1553, False)","(4527, False)","(1219, False)","(3855, False)"
2503,"(353, False)","(2937, False)"
2901,"(3373, False)","(297, False)","(166, False)","(2282, False)","(2547, False)","(37, False)","(4725, False)","(3733, False)","(4802, False)"
1497,"(3030, False)","(2960, False)"
3529,"(3063, False)","(4158, False)","(3630, False)","(1768, False)","(312, False)","(3420, False)","(2077, False)","(636, False)","(1486, False)","(3393, False)","(206, False)","(1485, False)","(3569, False)"
4622,"(3899, False)","(4882, False)","(2801, False)","(631, False)","(4664, False)","(1833, False)"
503,"(3116, False)","(2841, False)","(3812, False)","(1844, False)","(479, False)"
3856,"(51, False)","(472, False)","(759, False)","(549, False)","(192, False)"
1591,"(2943, False)","(1316, False)","(3765, False)"
3739,"(1200, False)","(2834, False)","(3211, False)","(2471, False)","(1580, False)","(1802, False)","(656, False)"
4664,"(4668, False)","(2721, False)","(3189, False)"
2152,"(3360, False)","(2025, False)","(2844, False)","(1423, False)","(3565, False)","(3554, False)","(403, False)"
1220,"(2254, False)","(2346, False)","(1828, False)","(1842, False)"
502,"(3285, False)","(4982, False)","(4344, False)","(2479, False)","(554, False)","(56, False)","(315, False)","(3953, False)"
4720,"(3372, False)","(3862, False)"
3300,"(353, False)","(1128, False)","(831, False)"
2131,"(1040, False)","(3048, False)","(106, False)","(3292, False)","(3956, False)","(981, False)","(441, False)","(3185, False)","(574, False)","(1843, False)","(3747, False)","(4148, False)","(4763, False)"
3617,"(4612, False)","(448, False)","(3557, False)","(3637, False)"
2335,"(4784, False)","(1577, False)","(2979, False)","(3830, False)","(1849, False)","(4306, False)"
4612,"(2782, False)","(1306, False)","(344, False)","(357, False)","(2938, False)","(3389, False)","(4062, False)","(3315, False)","(789, False)","(272, False)","(4384, False)","(2237, False)","(4883, False)","(1202, False)"
2499,"(3026, False)","(22, False)","(4345, False)"
3845,"(2214, False)","(1520, False)"
3504,"(465, False)","(4117, False)","(4033, False)","(2590, False)","(3803, False)"
997,"(2282, False)","(4113, False)","(4090, False)","(795, False)","(2626, False)","(534, False)","(4172, False)","(1517, False)","(1582, False)"
856,"(2801, False)"
187,"(607, False)"
1356,"(2629, False)"
222,"(4994, False)"
2981,"(818, False)"
1710,"(474, False)"
4783,"(3017, False)","(2961, False)","(2600, False)","(2423, False)","(626, False)","(4748, False)","(4895, False)","(3900, False)","(2141, False)","(750, False)","(3223, False)"
1212,"(3989, False)","(3996, False)"
2483,"(3700, False)","(3702, False)","(207, False)","(1743, False)","(1864, False)","(2567, False)","(2504, False)"
3767,"(1359, False)"
1762,"(1316, False)"
2110,"(1059, False)","(4478, False)","(90, False)","(2155, False)","(4031, False)"
1765,"(3132, False)","(2518, False)","(3731, False)"
4996,"(2320, False)"
408,"(3575, False)","(4712, False)","(2321, False)"
216,"(1913, False)"
851,"(739, False)","(960, False)","(1863, False)","(3397, False)","(4482, False)"
4464,"(1241, False)","(2036, False)","(2808, False)","(3603, False)","(2896, False)","(635, False)","(4692, False)","(3910, False)","(1541, False)","(317, False)","(4620, False)","(399, False)","(1526, False)","(3057, False)","(4336, False)"
3633,"(2023, False)","(4208, False)"
631,"(4914, False)"
3347,"(1521, False)","(209, False)","(1909, False)","(1490, False)","(3035, False)","(267, False)","(378, False)","(3908, False)","(920, False)","(49, False)","(2267, False)","(703, False)","(2509, False)"
4971,"(3650, False)","(325, False)","(1712, False)","(4711, False)","(1030, False)","(2268, False)","(1838, False)","(1465, False)"
1119,"(1182, False)"
2026,"(925, False)","(4196, False)"
2435,"(31, False)","(4666, False)","(831, False)"
4686,"(4452, False)"
4420,"(3262, False)"
412,"(3600, False)","(3637, False)","(4134, False)","(4860, False)"
3651,"(2648, False)","(2615, False)"
4220,"(2512, False)","(1159, False)","(1721, False)","(3048, False)"
2293,"(4524, False)","(3372, False)"
2918,"(2338, False)","(3962, False)"
2403,"(2394, False)"
3071,"(4250, False)"
3562,"(1985, False)","(3356, False)"
4213,"(3006, False)"
4712,"(2321, False)"
1599,"(92, False)","(2584, False)"
68,"(3230, False)"
452,"(1368, False)","(2232, False)"
4896,"(4162, False)"
3580,"(4112, False)","(4524, False)","(2361, False)"
3911,"(2756, False)","(1447, False)","(2889, False)","(3811, False)"
1058,"(4309, False)","(2462, False)"
1975,"(2934, False)","(4952, False)","(4680, False)","(1120, False)","(3223, False)","(491, False)","(250, False)"
3718,"(3910, False)","(836, False)","(3673, False)","(1248, False)","(430, False)"
1483,"(643, False)","(2203, False)"
2733,"(783, False)","(2032, False)","(513, False)"
4126,"(1094, False)","(168, False)","(1141, False)","(3104, False)","(280, False)","(3842, False)","(2644, False)","(1407, False)","(1950, False)","(4593, False)","(4485, False)"
3641,"(2899, False)","(2426, False)","(2272, False)","(3417, False)","(3419, False)"
279,"(3636, False)"
2584,"(2371, False)","(2227, False)","(322, False)","(566, False)","(4271, False)","(4778, False)","(1650, False)"
475,"(2477, False)"
4097,"(481, False)"
548,"(653, False)"
1370,"(4659, False)","(3029, False)"
3126,"(3295, False)"
508,"(169, False)","(2076, False)","(3642, False)"
3489,"(1783, False)"
4877,"(4495, False)","(2256, False)"
1435,"(3523, False)"
1092,"(43, False)"
4770,"(445, False)","(2869, False)","(1006, False)"
3098,"(2516, False)","(4721, False)","(3000, False)","(1715, False)","(622, False)","(4482, False)"
1108,"(759, False)","(804, False)"
1114,"(3597, False)"
3914,"(3056, False)","(4217, False)"
2884,"(3974, False)"
4968,"(3528, False)","(223, False)","(245, False)","(411, False)","(4853, False)","(1139, False)"
2309,"(72, False)","(4375, False)"
884,"(1512, False)"
4370,"(2480, False)"
703,"(3523, False)","(3237, False)"
4982,"(3109, False)","(4983, False)","(729, False)"
4295,"(3575, False)","(2321, False)"
1805,"(1797, False)"
948,"(168, False)"
691,"(254, False)"
3508,"(3716, False)","(422, False)","(3553, False)"
230,"(4573, False)"
3863,"(1948, False)","(4318, False)"
648,"(3210, False)"
3048,"(3181, False)"
4346,"(1641, False)"
2789,"(4912, False)","(1661, False)"
2235,"(2352, False)","(4581, False)","(877, False)"
347,"(3803, False)","(1741, False)","(4377, False)"
3212,"(1548, False)","(2539, False)"
1884,"(3294, False)"
2818,"(2630, False)","(4658, False)"
3766,"(2963, False)"
71,"(4471, False)"
2358,"(3646, False)"
4550,"(1, False)"
2758,"(1792, False)"
4493,"(2621, False)"
3121,"(23, False)"
3668,"(1854, False)"
2805,"(3533, False)"
1339,"(2636, False)"
2402,"(630, False)"
1048,"(2903, False)"
28,"(2679, False)"
1503,"(2892, False)"
2878,"(3385, False)","(1546, False)"
2916,"(2198, False)"
2952,"(2795, False)"
4997,"(1030, False)","(3631, False)"
